{"cameraMode":{"drawMode":0,"name":"Shaded","section":"Shading Mode"},"sceneLighting":false,"audioPlay":false,"sceneViewState":{"showFog":true,"showMaterialUpdate":false,"showSkybox":true,"showFlares":true,"showImageEffects":true,"showParticleSystems":true},"in2DMode":false,"pivot":{"x":-1.7060346603393555,"y":10.7369966506958,"z":-4.74652099609375},"rotation":{"x":-0.14523454010486604,"y":-0.854248583316803,"z":0.3686462342739105,"w":-0.3365505039691925},"size":86.02960205078125,"orthographic":false}