{"cameraMode":{"drawMode":0,"name":"Shaded","section":"Shading Mode"},"sceneLighting":true,"audioPlay":false,"sceneViewState":{"showFog":true,"showMaterialUpdate":false,"showSkybox":true,"showFlares":true,"showImageEffects":true,"showParticleSystems":true},"in2DMode":false,"pivot":{"x":97.93599700927735,"y":1.871000051498413,"z":136.00599670410157},"rotation":{"x":-0.0672297403216362,"y":-0.9002799391746521,"z":0.40301409363746645,"w":-0.15018609166145326},"size":9.556656837463379,"orthographic":false}