{"cameraMode":{"drawMode":0,"name":"Shaded","section":"Shading Mode"},"sceneLighting":false,"audioPlay":false,"sceneViewState":{"showFog":true,"showMaterialUpdate":false,"showSkybox":true,"showFlares":true,"showImageEffects":true,"showParticleSystems":true},"in2DMode":false,"pivot":{"x":117.22000885009766,"y":6.8526153564453129,"z":112.13004302978516},"rotation":{"x":0.1204545646905899,"y":0.6203746795654297,"z":-0.09719095379114151,"w":0.7688822746276856},"size":3.5575766563415529,"orthographic":false}