{"cameraMode":{"drawMode":0,"name":"Shaded","section":"Shading Mode"},"sceneLighting":true,"audioPlay":false,"sceneViewState":{"showFog":true,"showMaterialUpdate":false,"showSkybox":true,"showFlares":true,"showImageEffects":true,"showParticleSystems":true},"in2DMode":false,"pivot":{"x":-62.21278381347656,"y":89.20668029785156,"z":57.26012420654297},"rotation":{"x":0.1204545646905899,"y":0.6203746795654297,"z":-0.09719095379114151,"w":0.7688822746276856},"size":3.9749810695648195,"orthographic":false}