{"cameraMode":{"drawMode":0,"name":"Shaded","section":"Shading Mode"},"sceneLighting":true,"audioPlay":false,"sceneViewState":{"showFog":true,"showMaterialUpdate":false,"showSkybox":true,"showFlares":true,"showImageEffects":true,"showParticleSystems":true},"in2DMode":false,"pivot":{"x":77.50811767578125,"y":20.32978057861328,"z":125.85585021972656},"rotation":{"x":0.0014854551991447807,"y":0.9960458874702454,"z":-0.08719079196453095,"w":0.01697736233472824},"size":99.64803314208985,"orthographic":false}