{"cameraMode":{"drawMode":0,"name":"Shaded","section":"Shading Mode"},"sceneLighting":false,"audioPlay":false,"sceneViewState":{"showFog":true,"showMaterialUpdate":false,"showSkybox":true,"showFlares":true,"showImageEffects":true,"showParticleSystems":true},"in2DMode":false,"pivot":{"x":0.6615327596664429,"y":0.27110499143600466,"z":1.3565781116485596},"rotation":{"x":0.016188304871320726,"y":-0.9718586802482605,"z":0.22429636120796204,"w":0.07014153152704239},"size":2.0386030673980715,"orthographic":false}