{"cameraMode":{"drawMode":0,"name":"Shaded","section":"Shading Mode"},"sceneLighting":true,"audioPlay":false,"sceneViewState":{"showFog":true,"showMaterialUpdate":false,"showSkybox":true,"showFlares":true,"showImageEffects":true,"showParticleSystems":true},"in2DMode":false,"pivot":{"x":243.88973999023438,"y":-101.22865295410156,"z":26.067420959472658},"rotation":{"x":0.16560715436935426,"y":0.8294957876205444,"z":-0.32450219988822939,"w":0.4233313500881195},"size":194.66476440429688,"orthographic":false}