{"cameraMode":{"drawMode":0,"name":"Shaded","section":"Shading Mode"},"sceneLighting":true,"audioPlay":false,"sceneViewState":{"showFog":true,"showMaterialUpdate":false,"showSkybox":true,"showFlares":true,"showImageEffects":true,"showParticleSystems":true},"in2DMode":false,"pivot":{"x":-47.80781555175781,"y":-56.365936279296878,"z":-184.93646240234376},"rotation":{"x":0.16560715436935426,"y":0.8294957876205444,"z":-0.32450219988822939,"w":0.4233313500881195},"size":174.85104370117188,"orthographic":false}