{"cameraMode":{"drawMode":0,"name":"Shaded","section":"Shading Mode"},"sceneLighting":true,"audioPlay":false,"sceneViewState":{"showFog":true,"showMaterialUpdate":false,"showSkybox":true,"showFlares":true,"showImageEffects":true,"showParticleSystems":true},"in2DMode":false,"pivot":{"x":84.81800079345703,"y":-7.899588584899902,"z":169.9311981201172},"rotation":{"x":0.12939070165157319,"y":-0.8064016699790955,"z":0.19170700013637544,"w":0.5442637205123901},"size":131.4244842529297,"orthographic":false}