{"cameraMode":{"drawMode":0,"name":"Shaded","section":"Shading Mode"},"sceneLighting":false,"audioPlay":false,"sceneViewState":{"showFog":true,"showMaterialUpdate":false,"showSkybox":true,"showFlares":true,"showImageEffects":true,"showParticleSystems":true},"in2DMode":false,"pivot":{"x":96.0199966430664,"y":1.059542179107666,"z":131.9600067138672},"rotation":{"x":0.16560715436935426,"y":0.8294957876205444,"z":-0.32450219988822939,"w":0.4233313500881195},"size":1.301002860069275,"orthographic":false}