{"cameraMode":{"drawMode":0,"name":"Shaded","section":"Shading Mode"},"sceneLighting":true,"audioPlay":false,"sceneViewState":{"showFog":true,"showMaterialUpdate":false,"showSkybox":true,"showFlares":true,"showImageEffects":true,"showParticleSystems":true},"in2DMode":false,"pivot":{"x":-278.543212890625,"y":54.232666015625,"z":380.907470703125},"rotation":{"x":0.15495285391807557,"y":-0.8152344226837158,"z":0.2543260157108307,"w":0.49668988585472109},"size":2019.07275390625,"orthographic":false}